year,transistors,max_clock,clock,tdp,vdd_high,vdd_low
1971.0,0.0023,0.108,0.108,0.5,15.0,15.0
1972.0,0.0035,0.2,0.2,1.0,5.0,5.0
1974.0,0.006,2.0,2.0,0.8,5.0,5.0
1976.0,0.0085,2.5,2.5,0.8,5.0,5.0
1978.0,0.029,5.0,5.0,1.7,5.0,5.0
1978.0,,10.0,10.0,1.8,5.0,5.0
1978.0,,8.0,8.0,1.8,5.0,5.0
1979.0,0.029,8.0,8.0,1.8,5.0,5.0
1979.0,0.068,14.0,14.0,,5.0,5.0
1982.0,0.134,6.0,6.0,3.3,5.0,5.0
1982.0,,10.0,10.0,3.3,5.0,5.0
1982.0,,12.0,12.0,3.3,5.0,5.0
1983.0,0.068,14.0,14.0,1.5,5.0,5.0
1984.0,0.19,25.0,25.0,0.72,5.0,5.0
1985.0,0.275,16.0,16.0,1.7,5.0,5.0
1986.0,0.11,16.0,16.0,3.0,5.0,5.0
1987.0,,20.0,20.0,1.3,5.0,5.0
1987.0,0.27,50.0,50.0,,5.0,5.0
1988.0,,25.0,25.0,1.6,5.0,5.0
1988.0,0.12,40.0,40.0,4.0,5.0,5.0
1989.0,,33.0,33.0,2.0,5.0,5.0
1989.0,1.2,25.0,25.0,4.5,5.0,5.0
1990.0,0.08,40.0,40.0,3.0,5.0,5.0
1990.0,1.2,33.0,33.0,3.5,5.0,5.0
1991.0,1.2,33.0,33.0,6.0,5.0,5.0
1991.0,0.8,50.0,50.0,4.0,5.0,5.0
1991.0,,50.0,50.0,4.0,5.0,5.0
1992.0,,66.0,66.0,5.8,5.0,5.0
1992.0,1.68,200.0,200.0,30.0,3.3,3.3
1992.0,1.68,190.0,190.0,30.0,3.3,3.3
1992.0,0.6,33.0,33.0,,5.0,5.0
1992.0,1.1,100.0,100.0,15.0,5.0,5.0
1992.0,1.68,100.0,100.0,30.0,3.3,3.3
1992.0,2.3,100.0,100.0,15.0,3.3,3.3
1992.0,2.3,150.0,150.0,15.0,3.3,3.3
1992.0,2.3,200.0,200.0,15.0,3.3,3.3
1992.0,2.3,175.0,175.0,15.0,3.3,3.3
1992.0,3.1,50.0,50.0,,5.0,5.0
1992.0,3.1,40.0,40.0,,5.0,5.0
1992.0,1.68,125.0,125.0,30.0,3.3,3.3
1992.0,1.68,150.0,150.0,30.0,3.3,3.3
1992.0,1.68,175.0,175.0,30.0,3.3,3.3
1992.0,3.1,60.0,60.0,14.2,5.0,5.0
1992.0,1.68,166.0,166.0,30.0,3.3,3.3
1993.0,,100.0,100.0,,5.0,5.0
1993.0,3.2,60.0,60.0,13.0,5.0,5.0
1993.0,3.2,66.0,66.0,13.0,5.0,5.0
1993.0,0.93,40.0,40.0,3.0,5.0,5.0
1993.0,1.5,72.0,72.0,,5.0,5.0
1993.0,2.8,75.0,75.0,6.5,3.6,3.6
1993.0,1.1,100.0,100.0,,5.0,5.0
1993.0,2.8,66.0,66.0,6.5,3.6,3.6
1993.0,1.6,80.0,80.0,2.2,3.3,3.3
1994.0,2.3,60.0,60.0,,3.3,3.3
1994.0,2.3,70.0,70.0,,3.3,3.3
1994.0,2.3,85.0,85.0,,3.3,3.3
1994.0,2.8,120.0,120.0,17.0,3.3,3.3
1994.0,1.6,100.0,100.0,4.1,3.3,3.3
1994.0,,100.0,100.0,3.9,3.6,3.135
1994.0,3.6,100.0,100.0,14.0,2.5,2.5
1994.0,9.3,350.0,350.0,56.0,3.3,3.3
1994.0,9.3,333.0,333.0,56.0,3.3,3.3
1994.0,9.3,300.0,300.0,51.0,3.3,3.3
1994.0,9.3,291.0,291.0,51.0,3.3,3.3
1994.0,9.3,266.0,266.0,46.0,3.3,3.3
1994.0,2.85,225.0,225.0,33.0,3.3,3.3
1994.0,3.5,93.0,93.0,9.0,4.0,4.0
1994.0,2.4,66.0,66.0,,3.3,3.3
1994.0,2.6,75.0,75.0,13.0,3.3,3.3
1994.0,2.6,75.0,75.0,13.0,3.3,3.3
1994.0,2.85,233.0,233.0,33.0,3.3,3.3
1994.0,2.85,266.0,266.0,33.0,3.3,3.3
1994.0,2.85,275.0,275.0,33.0,3.3,3.3
1994.0,2.85,300.0,300.0,33.0,3.3,3.3
1994.0,,133.0,133.0,,5.0,5.0
1994.0,1.9,150.0,150.0,3.0,5.0,5.0
1994.0,,133.0,133.0,,5.0,5.0
1994.0,1.5,100.0,100.0,,3.3,3.3
1994.0,2.3,200.0,200.0,,3.3,3.3
1994.0,1.5,125.0,125.0,,3.3,3.3
1994.0,9.3,250.0,250.0,46.0,3.3,3.3
1995.0,,110.0,110.0,,3.3,3.3
1995.0,1.5,150.0,150.0,,3.3,3.3
1995.0,7.0,133.0,133.0,30.0,3.3,3.3
1995.0,,180.0,180.0,,,
1995.0,2.0,120.0,120.0,3.0,3.3,3.3
1995.0,2.8,120.0,120.0,5.6,3.3,3.3
1995.0,1.6,66.0,66.0,3.0,3.3,3.3
1995.0,2.6,100.0,100.0,3.5,3.3,3.3
1995.0,,160.0,160.0,,,
1995.0,5.2,296.0,296.0,,3.3,3.3
1995.0,,118.0,118.0,,,
1995.0,,101.0,101.0,,,
1995.0,3.1,75.0,75.0,,3.3,3.3
1995.0,3.1,90.0,90.0,16.0,3.3,3.3
1995.0,5.2,143.0,143.0,,3.3,3.3
1995.0,5.2,248.0,248.0,,3.3,3.3
1995.0,5.2,200.0,200.0,,3.3,3.3
1995.0,5.2,167.0,167.0,,3.3,3.3
1995.0,9.66,767.0,767.0,,2.5,2.5
1995.0,1.0,66.0,66.0,1.2,3.3,3.3
1995.0,2.3,250.0,250.0,,3.3,3.3
1995.0,9.66,400.0,400.0,,2.5,2.5
1995.0,9.66,433.0,433.0,,2.5,2.5
1995.0,9.66,437.0,437.0,,2.5,2.5
1995.0,1.8,233.0,233.0,23.0,3.3,3.3
1995.0,,200.0,200.0,37.9,3.3,
1995.0,1.8,99.0,99.0,23.0,3.3,3.3
1995.0,9.66,466.0,466.0,,2.5,2.5
1995.0,9.66,374.0,374.0,,2.5,2.5
1995.0,1.8,231.0,231.0,23.0,3.3,3.3
1995.0,9.66,480.0,480.0,,2.5,2.5
1995.0,9.66,500.0,500.0,,2.5,2.5
1995.0,3.3,133.0,133.0,4.3,2.665,2.285
1995.0,,120.0,120.0,5.1,3.6,3.4
1995.0,9.66,533.0,533.0,,2.5,2.5
1995.0,9.66,600.0,600.0,,2.5,2.5
1995.0,9.66,612.0,612.0,55.0,2.5,2.5
1995.0,2.3,240.0,240.0,,3.3,3.3
1995.0,9.66,352.0,352.0,31.0,2.5,2.5
1996.0,4.3,75.0,75.0,,3.52,3.52
1996.0,4.3,90.0,90.0,11.0,3.52,3.52
1996.0,9.0,160.0,160.0,15.0,3.3,3.3
1996.0,3.0,120.0,120.0,12.0,3.3,3.3
1996.0,,132.0,132.0,,,
1996.0,3.0,170.0,170.0,9.0,3.3,3.3
1996.0,,180.0,180.0,,,
1996.0,15.0,77.0,77.0,,,
1996.0,5.1,166.0,166.0,,2.5,2.5
1996.0,6.8,196.0,196.0,,3.3,3.3
1996.0,6.8,180.0,180.0,,3.3,3.3
1996.0,6.8,195.0,195.0,,3.3,3.3
1996.0,5.1,250.0,250.0,,2.5,2.5
1996.0,5.1,233.0,233.0,,2.5,2.5
1996.0,5.1,225.0,225.0,,2.5,2.5
1996.0,5.1,200.0,200.0,,2.5,2.5
1996.0,6.8,200.0,200.0,,3.3,3.3
1996.0,2.6,200.0,200.0,5.5,2.5,2.5
1996.0,3.6,150.0,150.0,,3.3,3.3
1996.0,6.8,250.0,250.0,,3.3,3.3
1996.0,3.6,200.0,200.0,,3.3,3.3
1996.0,3.6,250.0,250.0,,3.3,3.3
1996.0,,200.0,200.0,15.7,2.9,2.7
1996.0,,166.0,166.0,13.1,2.9,2.7
1996.0,3.6,180.0,180.0,,3.3,3.3
1997.0,5.1,360.0,360.0,,1.9,1.9
1997.0,8.8,233.0,233.0,17.0,3.3,3.2
1997.0,7.5,300.0,300.0,21.5,2.0,2.8
1997.0,,225.0,225.0,12.3,3.6,3.45
1997.0,6.35,266.0,266.0,8.0,2.6,2.6
1997.0,4.5,200.0,200.0,7.3,2.8,2.8
1997.0,,233.0,233.0,7.9,2.8,2.8
1997.0,5.1,375.0,375.0,,1.9,1.9
1997.0,3.5,533.0,533.0,35.0,3.3,3.3
1997.0,5.1,350.0,350.0,8.0,1.9,1.9
1997.0,,180.0,180.0,9.4,3.6,3.45
1997.0,5.1,320.0,320.0,,1.9,1.9
1997.0,5.1,300.0,300.0,,1.9,1.9
1997.0,2.6,300.0,300.0,3.5,2.5,2.5
1997.0,,200.0,200.0,10.4,3.6,3.45
1997.0,,160.0,160.0,,,
1997.0,6.5,188.0,188.0,13.0,2.9,2.9
1997.0,5.1,332.0,332.0,,1.9,1.9
1998.0,5.7,600.0,600.0,20.0,2.5,2.5
1998.0,,333.0,333.0,20.6,2.0,2.0
1998.0,7.15,270.0,270.0,,2.5,2.5
1998.0,7.15,300.0,300.0,30.0,2.5,2.5
1998.0,7.15,350.0,350.0,,2.5,2.5
1998.0,,500.0,500.0,,,
1998.0,7.5,300.0,300.0,17.8,2.0,2.0
1998.0,7.15,360.0,360.0,,2.5,2.5
1998.0,15.2,466.0,466.0,80.0,2.3,2.1
1998.0,15.2,525.0,525.0,95.0,2.3,2.1
1998.0,,360.0,360.0,25.0,2.6,2.6
1998.0,15.2,575.0,575.0,100.0,2.3,2.1
1998.0,15.0,200.0,200.0,,,
1998.0,15.0,222.0,222.0,,,
1998.0,140.0,440.0,440.0,42.0,2.0,2.0
1998.0,,200.0,200.0,,2.5,2.5
1998.0,15.2,500.0,500.0,91.0,2.3,2.1
1998.0,,400.0,400.0,13.6,2.4,2.4
1998.0,9.3,333.0,333.0,11.4,2.4,2.4
1998.0,8.8,300.0,300.0,9.5,2.2,2.2
1998.0,15.0,375.0,375.0,,,
1998.0,6.35,400.0,400.0,8.0,2.6,2.6
1999.0,10.5,500.0,500.0,6.0,1.8,1.8
1999.0,,600.0,600.0,,,
1999.0,,450.0,450.0,21.0,1.9,1.9
1999.0,2.7,272.0,272.0,50.0,3.3,3.3
1999.0,9.5,500.0,500.0,28.0,2.0,2.0
1999.0,28.0,733.0,733.0,16.0,1.65,1.65
1999.0,21.3,450.0,450.0,17.1,2.4,2.4
1999.0,15.2,833.0,833.0,100.0,2.0,2.0
1999.0,15.2,750.0,750.0,,2.0,2.0
1999.0,15.2,731.0,731.0,,2.0,2.0
1999.0,15.2,700.0,700.0,,2.0,2.0
1999.0,15.2,667.0,667.0,73.0,2.0,2.0
1999.0,15.2,616.0,616.0,70.0,2.0,2.0
1999.0,22.0,750.0,750.0,,1.8,1.8
2000.0,29.0,600.0,600.0,53.0,1.6,1.6
2000.0,29.0,750.0,750.0,,1.6,1.6
2000.0,,400.0,400.0,,1.8,1.8
2000.0,22.0,450.0,450.0,16.0,2.2,2.2
2000.0,29.0,900.0,900.0,,1.7,1.7
2000.0,,550.0,550.0,,,
2000.0,,500.0,500.0,,,
2000.0,,440.0,440.0,,,
2000.0,37.0,1000.0,1000.0,49.0,1.8,1.8
2000.0,,1000.0,1000.0,22.0,1.7,1.7
2000.0,42.0,1500.0,1500.0,57.8,1.75,1.595
2000.0,140.0,552.0,552.0,53.0,2.0,2.0
2001.0,,1400.0,1400.0,56.0,1.8,1.8
2001.0,184.0,1000.0,1000.0,115.0,,
2001.0,42.0,2000.0,2000.0,71.8,1.75,1.56
2001.0,25.0,800.0,800.0,130.0,1.65,1.65
2001.0,15.2,833.0,833.0,65.0,1.7,1.7
2001.0,15.5,1000.0,1000.0,64.0,1.7,1.7
2001.0,15.5,1224.0,1224.0,,1.7,1.7
2001.0,15.5,1250.0,1250.0,75.0,1.7,1.7
2001.0,186.0,750.0,750.0,42.0,1.65,1.65
2001.0,33.0,733.0,733.0,23.0,1.8,1.8
2002.0,55.0,2400.0,2400.0,59.8,1.43,1.35
2002.0,55.0,2200.0,2200.0,57.1,1.435,1.36
2002.0,55.0,2000.0,2000.0,58.0,1.461,1.353
2002.0,55.0,1600.0,1600.0,30.0,1.274,1.187
2002.0,37.2,1800.0,1800.0,62.0,1.5,1.5
2002.0,130.0,1000.0,1000.0,125.0,1.5,1.5
2002.0,130.0,1150.0,1150.0,125.0,1.5,1.5
2002.0,221.0,1000.0,1000.0,130.0,1.5,1.5
2002.0,55.0,1700.0,1700.0,63.5,1.75,
2003.0,55.0,2400.0,2400.0,40.0,1.265,1.17
2003.0,55.0,2800.0,2800.0,74.0,1.5,
2003.0,54.3,2167.0,2167.0,74.3,1.5,1.5
2003.0,106.0,2000.0,2000.0,89.0,1.5,1.4
2003.0,105.9,1800.0,1800.0,89.0,1.55,1.55
2004.0,130.0,1300.0,1300.0,125.0,1.5,1.5
2004.0,125.0,3600.0,3600.0,115.0,1.425,1.2
2004.0,125.0,2260.0,2260.0,73.0,1.4,1.25
2004.0,105.9,2600.0,2600.0,89.0,1.5,1.5
2004.0,125.0,2260.0,2260.0,73.0,1.4,1.25
2004.0,125.0,2530.0,2530.0,73.0,1.4,1.25
2004.0,125.0,2400.0,2400.0,84.0,1.4,1.25
2004.0,276.0,1900.0,1900.0,100.0,1.2,1.2
2004.0,125.0,2530.0,2530.0,84.0,1.4,1.25
2004.0,125.0,2660.0,2660.0,73.0,1.4,1.25
2004.0,125.0,2530.0,2530.0,84.0,1.4,1.25
2004.0,125.0,2800.0,2800.0,84.0,1.4,1.25
2004.0,125.0,2930.0,2930.0,73.0,1.4,1.25
2004.0,125.0,2930.0,2930.0,84.0,1.4,1.25
2004.0,125.0,3060.0,3060.0,73.0,1.4,1.25
2004.0,125.0,3060.0,3060.0,84.0,1.4,1.25
2004.0,125.0,2660.0,2660.0,84.0,1.4,1.25
2005.0,125.0,3330.0,3330.0,84.0,1.4,1.25
2005.0,230.0,3200.0,3200.0,130.0,1.4,1.2
2005.0,230.0,2660.0,2660.0,95.0,1.4,1.2
2005.0,169.0,3733.0,3733.0,109.0,1.5,1.5
2005.0,114.0,2200.0,2200.0,25.0,1.2,1.2
2005.0,279.0,1400.0,1400.0,72.0,1.1,1.1
2005.0,125.0,3200.0,3200.0,84.0,1.4,1.25
2005.0,125.0,3200.0,3200.0,73.0,1.4,1.25
2005.0,114.0,2800.0,2800.0,104.0,1.4,1.4
2005.0,125.0,3200.0,3200.0,73.0,1.4,1.25
2005.0,,2200.0,2200.0,,,
2005.0,125.0,2130.0,2130.0,73.0,1.4,1.25
2006.0,291.0,3000.0,3000.0,80.0,1.5,1.0
2006.0,1328.0,2600.0,2600.0,95.0,1.35,1.1
2006.0,1328.0,3000.0,3000.0,95.0,1.35,1.1
2006.0,188.0,3330.0,3330.0,86.0,1.325,1.25
2006.0,1328.0,3200.0,3200.0,150.0,1.35,1.1
2006.0,582.0,1600.0,1600.0,80.0,1.5,1.0
2006.0,376.0,3600.0,3600.0,130.0,1.3375,1.2
2006.0,582.0,2000.0,2000.0,80.0,1.5,1.0
2006.0,167.0,1860.0,1860.0,65.0,1.5,0.85
2006.0,291.0,2133.0,2133.0,65.0,1.5,0.85
2006.0,291.0,2400.0,2400.0,65.0,1.5,0.85
2006.0,291.0,2660.0,2660.0,65.0,1.5,0.85
2006.0,,2800.0,2800.0,119.0,1.375,1.325
2006.0,227.4,2600.0,2600.0,95.0,1.35,1.3
2006.0,227.4,2400.0,2400.0,95.0,1.35,1.3
2006.0,227.4,2200.0,2200.0,95.0,1.35,1.3
2006.0,227.4,2000.0,2000.0,95.0,1.35,1.3
2006.0,227.4,1800.0,1800.0,95.0,1.35,1.3
2006.0,227.4,2600.0,2600.0,103.0,1.35,1.3
2006.0,582.0,2660.0,2660.0,120.0,1.5,1.0
2006.0,376.0,3400.0,3400.0,130.0,1.3375,1.2
2006.0,154.0,2600.0,2600.0,65.0,1.25,1.25
2006.0,243.0,2800.0,2800.0,125.0,1.35,1.35
2006.0,233.0,2600.0,2600.0,110.0,1.35,1.3
2006.0,291.0,2167.0,2167.0,34.0,1.3,1.0375
2006.0,291.0,1667.0,1667.0,34.0,1.3,1.0375
2006.0,291.0,2000.0,2000.0,34.0,1.3,1.0375
2006.0,291.0,2330.0,2330.0,34.0,1.3,1.0375
2006.0,291.0,2930.0,2930.0,75.0,1.5,0.85
2006.0,188.0,3460.0,3460.0,65.0,1.325,1.25
2006.0,582.0,2330.0,2330.0,80.0,1.5,1.0
2006.0,582.0,1860.0,1860.0,80.0,1.5,1.0
2006.0,188.0,3060.0,3060.0,86.0,1.325,1.25
2006.0,1328.0,3400.0,3400.0,150.0,1.35,1.1
2006.0,291.0,2333.0,2333.0,65.0,1.5,1.0
2006.0,582.0,2660.0,2660.0,130.0,1.5,0.85
2006.0,376.0,2800.0,2800.0,95.0,1.3375,1.2
2006.0,376.0,3460.0,3460.0,130.0,1.3375,1.2
2006.0,376.0,3000.0,3000.0,95.0,1.3375,1.2
2006.0,291.0,2930.0,2930.0,75.0,1.5,0.85
2006.0,291.0,1860.0,1860.0,65.0,1.5,1.0
2006.0,291.0,2667.0,2667.0,130.0,1.34,1.34
2006.0,376.0,3730.0,3730.0,130.0,1.3375,1.2
2006.0,151.0,2160.0,2160.0,31.0,1.275,1.1125
2006.0,376.0,3000.0,3000.0,95.0,1.3375,1.2
2006.0,151.0,1830.0,1830.0,31.0,1.3,1.1625
2006.0,151.0,2167.0,2167.0,31.0,1.3,1.1625
2006.0,291.0,1600.0,1600.0,65.0,1.5,1.0
2006.0,151.0,2330.0,2330.0,31.0,1.3,1.1625
2006.0,291.0,2000.0,2000.0,65.0,1.5,1.0
2006.0,376.0,3200.0,3200.0,130.0,1.3375,1.2
2006.0,376.0,3400.0,3400.0,95.0,1.3375,1.2
2006.0,291.0,2660.0,2660.0,65.0,1.5,1.0
2007.0,582.0,1860.0,1860.0,50.0,1.25,1.1
2007.0,790.0,3500.0,3500.0,160.0,1.2,0.8
2007.0,820.0,3200.0,3200.0,150.0,1.35,0.85
2007.0,,1600.0,1600.0,20.0,1.125,1.075
2007.0,1720.0,1660.0,1660.0,104.0,,
2007.0,167.0,2130.0,2130.0,65.0,1.5,0.85
2007.0,227.0,3100.0,3100.0,125.0,1.35,1.3
2007.0,167.0,1860.0,1860.0,65.0,1.5,0.85
2007.0,790.0,3800.0,3800.0,160.0,1.2,0.8
2007.0,291.0,2400.0,2400.0,65.0,1.5,0.85
2007.0,291.0,2330.0,2330.0,65.0,1.5,0.85
2007.0,291.0,2660.0,2660.0,65.0,1.5,0.85
2007.0,291.0,2660.0,2660.0,65.0,1.3625,0.85
2007.0,105.0,1600.0,1600.0,65.0,1.5,0.85
2007.0,105.0,1800.0,1800.0,65.0,1.312,1.162
2007.0,1720.0,1660.0,1660.0,104.0,,
2007.0,167.0,2400.0,2400.0,65.0,1.5,0.85
2007.0,582.0,3000.0,3000.0,130.0,1.5,0.85
2007.0,227.0,3200.0,3200.0,125.0,1.4,1.35
2007.0,820.0,3000.0,3000.0,120.0,1.35,0.85
2007.0,790.0,4700.0,4700.0,160.0,1.2,0.8
2007.0,820.0,3000.0,3000.0,120.0,1.35,0.85
2007.0,410.0,3333.0,3330.0,80.0,1.35,0.85
2007.0,153.8,2000.0,2000.0,31.0,1.125,1.125
2007.0,167.0,1800.0,1800.0,65.0,1.5,0.85
2007.0,291.0,2666.0,2666.0,65.0,1.5,0.85
2007.0,291.0,3000.0,3000.0,65.0,1.5,0.85
2007.0,582.0,2660.0,2660.0,95.0,1.372,1.1
2007.0,582.0,2400.0,2400.0,105.0,1.5,0.85
2007.0,582.0,2130.0,2130.0,105.0,1.5,0.85
2007.0,,3000.0,3000.0,119.0,1.375,1.325
2007.0,463.0,2000.0,2000.0,75.0,1.2,1.2
2007.0,243.0,3000.0,3000.0,120.0,1.375,1.375
2007.0,243.0,2800.0,2800.0,120.0,1.375,1.375
2007.0,463.0,2000.0,2000.0,95.0,1.2,
2007.0,227.4,3000.0,3000.0,95.0,1.35,1.3
2007.0,227.4,2800.0,2800.0,95.0,1.35,1.3
2007.0,820.0,3000.0,3000.0,130.0,1.3625,0.85
2007.0,582.0,3000.0,3000.0,130.0,1.372,1.1
2007.0,582.0,2933.0,2933.0,130.0,1.372,1.1
2007.0,790.0,5000.0,5000.0,160.0,1.2,0.8
2007.0,291.0,2400.0,2400.0,35.0,1.3,1.0375
2007.0,410.0,3400.0,3400.0,80.0,1.35,0.85
2007.0,790.0,4200.0,4200.0,160.0,1.2,0.8
2007.0,582.0,3000.0,3000.0,150.0,1.5,1.0
2007.0,820.0,3160.0,3160.0,120.0,1.35,0.85
2007.0,291.0,2600.0,2600.0,35.0,1.25,1.075
2007.0,291.0,3000.0,3000.0,65.0,1.3625,0.85
2007.0,503.0,1400.0,1400.0,84.0,1.1,1.1
2007.0,291.0,1600.0,1600.0,35.0,1.175,1.075
2007.0,291.0,1460.0,1460.0,35.0,1.175,1.075
2007.0,105.0,2200.0,2200.0,65.0,1.5,0.85
2007.0,582.0,1860.0,1860.0,50.0,1.5,1.0
2007.0,151.0,1730.0,1730.0,31.0,1.3,0.7625
2007.0,582.0,1600.0,1600.0,50.0,1.25,1.1
2007.0,151.0,1830.0,1830.0,27.0,1.25,1.1125
2007.0,151.0,1860.0,1860.0,31.0,1.3,0.7625
2007.0,291.0,1860.0,1860.0,30.0,1.3,0.95
2007.0,582.0,2400.0,2400.0,80.0,1.5,1.0
2007.0,582.0,2930.0,2930.0,80.0,1.5,1.0
2007.0,582.0,2000.0,2000.0,50.0,1.25,1.1
2007.0,582.0,1600.0,1600.0,80.0,1.5,1.0
2007.0,582.0,2130.0,2130.0,80.0,1.5,1.0
2007.0,582.0,2400.0,2400.0,80.0,1.5,1.0
2007.0,582.0,2400.0,2400.0,80.0,1.5,1.0
2007.0,582.0,2930.0,2930.0,130.0,1.5,1.0
2007.0,105.0,2000.0,2000.0,65.0,1.5,0.85
2007.0,1720.0,1660.0,1660.0,104.0,,
2007.0,1720.0,1600.0,1600.0,104.0,,
2007.0,1720.0,1600.0,1600.0,104.0,,
2007.0,188.0,3600.0,3600.0,65.0,1.325,1.25
2007.0,1720.0,1400.0,1400.0,104.0,1.25,1.0875
2007.0,376.0,3200.0,3200.0,95.0,1.3375,1.2
2007.0,1720.0,1660.0,1660.0,104.0,,
2007.0,1720.0,1600.0,1600.0,75.0,,
2007.0,1720.0,1420.0,1420.0,104.0,,
2007.0,820.0,2800.0,2800.0,80.0,1.35,0.85
2007.0,105.0,1800.0,1800.0,35.0,1.3375,1.0
2007.0,167.0,2200.0,2200.0,65.0,1.5,0.85
2007.0,291.0,1730.0,1730.0,27.0,1.3,0.95
2007.0,291.0,2600.0,2600.0,44.0,1.375,1.1
2007.0,291.0,2800.0,2800.0,44.0,1.375,1.1
2007.0,167.0,2200.0,2200.0,65.0,1.5,0.85
2007.0,582.0,2930.0,2930.0,130.0,1.5,0.85
2007.0,582.0,2400.0,2400.0,105.0,1.5,0.85
2007.0,582.0,2667.0,2667.0,105.0,1.5,0.85
2007.0,167.0,2000.0,2000.0,65.0,1.5,0.85
2007.0,820.0,3000.0,3000.0,80.0,1.35,0.85
2007.0,820.0,3000.0,3000.0,80.0,1.35,0.85
2007.0,820.0,2660.0,2660.0,80.0,1.35,0.85
2007.0,820.0,2500.0,2500.0,80.0,1.35,0.85
2007.0,820.0,2330.0,2330.0,80.0,1.35,0.85
2007.0,820.0,2000.0,2000.0,80.0,1.35,0.85
2007.0,820.0,2830.0,2830.0,80.0,1.35,0.85
2007.0,167.0,2400.0,2400.0,65.0,1.5,0.85
2007.0,105.0,1200.0,1200.0,19.0,1.3375,1.0
2007.0,105.0,1600.0,1600.0,35.0,1.3375,1.0
2007.0,410.0,1860.0,1860.0,65.0,1.212,0.95
2007.0,151.0,1600.0,1600.0,31.0,1.3,0.7625
2008.0,228.0,2600.0,2600.0,65.0,1.3625,0.85
2008.0,820.0,2500.0,2500.0,50.0,1.35,0.85
2008.0,731.0,3460.0,3200.0,130.0,1.375,0.8
2008.0,731.0,3200.0,2933.0,130.0,1.375,0.8
2008.0,291.0,2130.0,2130.0,31.0,1.3,0.95
2008.0,820.0,3000.0,3000.0,95.0,1.3625,0.85
2008.0,820.0,2830.0,2830.0,95.0,1.3625,0.85
2008.0,820.0,2660.0,2660.0,95.0,1.3625,0.85
2008.0,731.0,3460.0,3200.0,130.0,1.375,0.8
2008.0,410.0,1860.0,1860.0,20.0,1.35,0.85
2008.0,410.0,3000.0,3000.0,40.0,1.35,0.85
2008.0,94.0,1600.0,1600.0,8.0,1.1625,0.9
2008.0,456.0,2660.0,2660.0,95.0,13625.0,0.85
2008.0,456.0,2500.0,2500.0,95.0,1.3625,0.85
2008.0,410.0,3000.0,3000.0,65.0,1.3625,0.85
2008.0,820.0,2133.0,2133.0,40.0,1.35,0.85
2008.0,47.0,1600.0,1600.0,2.0,1.1,0.75
2008.0,47.0,1330.0,1330.0,2.0,1.1,0.75
2008.0,820.0,2330.0,2330.0,50.0,1.35,0.85
2008.0,410.0,3160.0,3160.0,65.0,1.3625,
2008.0,600.0,2750.0,2750.0,,,
2008.0,600.0,2520.0,2520.0,,,
2008.0,,1600.0,1600.0,,1.1,0.75
2008.0,731.0,2930.0,2667.0,130.0,1.375,0.8
2008.0,47.0,1600.0,1600.0,4.0,1.1625,0.9
2008.0,228.0,2500.0,2500.0,65.0,1.3625,0.85
2008.0,,2100.0,2100.0,35.0,1.1,0.95
2008.0,463.0,2600.0,2600.0,140.0,1.3,1.25
2008.0,456.0,2330.0,2330.0,95.0,1.3625,0.85
2008.0,105.0,2000.0,2000.0,65.0,1.5,0.85
2008.0,105.0,2200.0,2200.0,35.0,1.3375,1.0
2008.0,47.0,1860.0,1860.0,2.4,1.1,0.75
2008.0,47.0,800.0,800.0,0.65,1.1,0.8
2008.0,291.0,2160.0,2160.0,35.0,1.175,1.075
2008.0,291.0,2260.0,2260.0,31.0,,
2008.0,291.0,2160.0,2160.0,31.0,1.3,0.95
2008.0,228.0,2400.0,2400.0,30.0,,
2008.0,820.0,3400.0,3400.0,150.0,1.35,0.85
2008.0,1900.0,2130.0,2130.0,50.0,1.45,0.9
2008.0,1900.0,2130.0,2130.0,65.0,1.45,0.9
2008.0,1900.0,2130.0,2130.0,90.0,1.45,0.9
2008.0,1900.0,2400.0,2400.0,90.0,1.45,0.9
2008.0,1900.0,2400.0,2400.0,90.0,1.45,0.9
2008.0,1900.0,2130.0,2130.0,90.0,1.45,0.9
2008.0,1900.0,2660.0,2660.0,130.0,1.45,0.9
2008.0,291.0,1830.0,1830.0,35.0,1.175,1.075
2008.0,731.0,2930.0,2660.0,130.0,1.375,0.8
2008.0,291.0,1730.0,1730.0,35.0,1.175,1.075
2008.0,463.0,2000.0,2000.0,65.0,1.125,1.075
2008.0,105.0,1600.0,1600.0,65.0,1.5,0.85
2008.0,105.0,2400.0,2400.0,65.0,1.5,0.85
2008.0,820.0,3200.0,3200.0,136.0,1.3625,0.85
2008.0,820.0,2530.0,2530.0,45.0,1.175,1.05
2008.0,456.0,2500.0,2500.0,95.0,1.3625,0.85
2008.0,820.0,3000.0,3000.0,95.0,1.3625,0.85
2008.0,410.0,2000.0,2000.0,25.0,1.25,1.0
2008.0,820.0,2260.0,2260.0,45.0,1.175,1.05
2008.0,410.0,2000.0,2000.0,25.0,1.15,1.062
2008.0,820.0,2830.0,2830.0,95.0,1.3625,0.85
2008.0,410.0,2400.0,2400.0,25.0,,
2008.0,456.0,2330.0,2330.0,95.0,1.3625,0.85
2008.0,820.0,2660.0,2660.0,95.0,1.3625,0.85
2008.0,456.0,2666.0,2666.0,95.0,1.3625,0.85
2008.0,228.0,2660.0,2660.0,65.0,1.3625,0.85
2008.0,228.0,2530.0,2530.0,65.0,1.3625,0.85
2008.0,167.0,2600.0,2600.0,65.0,1.5,0.85
2008.0,291.0,2000.0,2000.0,35.0,1.175,1.075
2008.0,456.0,2500.0,2500.0,95.0,1.3625,0.85
2008.0,456.0,2500.0,2500.0,95.0,1.3625,0.85
2008.0,731.0,3460.0,3200.0,130.0,1.375,0.8
2008.0,820.0,2660.0,2660.0,50.0,1.35,0.85
2008.0,410.0,2800.0,2800.0,44.0,1.275,1.0
2008.0,731.0,3200.0,2930.0,130.0,1.375,0.8
2008.0,291.0,1660.0,1660.0,35.0,1.175,1.075
2008.0,463.0,2500.0,2500.0,119.0,,
2008.0,410.0,3000.0,3000.0,65.0,1.3625,0.85
2008.0,420.0,2800.0,2800.0,65.0,1.3625,0.85
2008.0,410.0,3160.0,3160.0,65.0,1.3625,0.85
2008.0,228.0,2660.0,2660.0,65.0,1.3625,0.85
2008.0,,2700.0,2700.0,115.0,1.35,
2008.0,463.0,2300.0,2300.0,95.0,1.2,
2008.0,463.0,2300.0,2300.0,95.0,1.2,
2008.0,228.0,2530.0,2530.0,65.0,1.3625,0.85
2008.0,463.0,2200.0,2200.0,95.0,1.2,
2008.0,463.0,2100.0,2100.0,95.0,1.2,
2008.0,410.0,3500.0,3500.0,80.0,1.35,0.85
2008.0,410.0,2660.0,2660.0,65.0,1.3625,0.85
2008.0,450.0,2500.0,2500.0,95.0,1.325,1.05
2008.0,820.0,3330.0,3330.0,120.0,1.35,0.85
2008.0,410.0,2266.0,2266.0,25.0,1.25,1.0
2008.0,410.0,3330.0,3330.0,65.0,1.3625,0.85
2008.0,410.0,2533.0,2533.0,35.0,1.162,1.05
2008.0,291.0,1800.0,1800.0,35.0,1.175,0.9
2008.0,410.0,1400.0,1400.0,10.0,1.15,1.05
2008.0,410.0,2600.0,2600.0,35.0,1.25,1.0
2008.0,463.0,2400.0,2400.0,95.0,1.25,1.15
2008.0,410.0,2400.0,2400.0,25.0,1.15,1.05
2008.0,463.0,2400.0,2400.0,95.0,1.25,1.2
2008.0,463.0,2500.0,2500.0,125.0,1.3,1.2
2009.0,410.0,1200.0,1200.0,10.0,1.15,1.05
2009.0,410.0,1400.0,1400.0,5.5,1.15,1.05
2009.0,228.0,2930.0,2930.0,65.0,1.3625,0.85
2009.0,774.0,2800.0,1600.0,45.0,1.4,0.65
2009.0,228.0,3060.0,3060.0,65.0,1.3625,0.85
2009.0,,2500.0,2500.0,65.0,1.3625,0.85
2009.0,774.0,3200.0,2667.0,95.0,1.4,0.762
2009.0,,2400.0,2400.0,65.0,1.3625,0.85
2009.0,,1667.0,1667.0,13.0,,
2009.0,,1666.0,1666.0,2.5,,
2009.0,47.0,1660.0,1660.0,2.5,1.1625,0.9
2009.0,456.0,2660.0,2660.0,95.0,1.3625,0.85
2009.0,774.0,3600.0,2933.0,95.0,1.4,0.65
2009.0,228.0,2930.0,2930.0,65.0,,
2009.0,731.0,3330.0,3060.0,130.0,1.375,0.8
2009.0,731.0,3600.0,3333.0,130.0,1.375,0.8
2009.0,731.0,3333.0,3333.0,130.0,1.375,0.8
2009.0,774.0,3200.0,2000.0,55.0,,
2009.0,410.0,3060.0,3060.0,35.0,1.2125,1.05
2009.0,774.0,3060.0,1730.0,45.0,,
2009.0,774.0,2800.0,1600.0,45.0,,
2009.0,410.0,1300.0,1300.0,10.0,1.15,1.05
2009.0,774.0,3460.0,2800.0,95.0,1.4,0.65
2009.0,731.0,3200.0,2800.0,95.0,1.35,0.75
2009.0,774.0,2930.0,2530.0,95.0,1.4,0.65
2009.0,731.0,3330.0,3060.0,130.0,1.375,0.8
2009.0,105.0,2400.0,2400.0,65.0,1.5,0.85
2009.0,774.0,3600.0,2930.0,95.0,1.4,0.65
2009.0,,2400.0,2400.0,130.0,1.225,0.8
2009.0,,2530.0,2530.0,130.0,1.225,0.8
2009.0,731.0,2930.0,2660.0,130.0,1.375,0.8
2009.0,731.0,3200.0,2930.0,130.0,1.375,0.8
2009.0,731.0,3330.0,3060.0,130.0,1.375,0.8
2009.0,731.0,3460.0,3200.0,130.0,1.225,0.8
2009.0,731.0,3460.0,3200.0,130.0,1.375,0.8
2009.0,731.0,3600.0,3330.0,130.0,1.375,0.8
2009.0,731.0,3460.0,3200.0,130.0,1.375,0.8
2009.0,410.0,2000.0,2000.0,35.0,,
2009.0,731.0,3460.0,3200.0,130.0,1.35,0.75
2009.0,731.0,3600.0,3330.0,130.0,1.35,0.75
2009.0,820.0,3160.0,3160.0,95.0,1.3625,0.85
2009.0,774.0,2800.0,2400.0,95.0,1.4,0.7
2009.0,228.0,2700.0,2700.0,65.0,1.3625,0.85
2009.0,,2800.0,2800.0,137.0,1.3,
2009.0,758.0,2600.0,2600.0,95.0,1.425,0.875
2009.0,758.0,2800.0,2800.0,95.0,1.425,0.875
2009.0,758.0,2500.0,2500.0,95.0,1.425,0.875
2009.0,758.0,2600.0,2600.0,95.0,1.425,0.875
2009.0,758.0,2600.0,2600.0,95.0,1.425,0.875
2009.0,731.0,3600.0,3330.0,130.0,1.375,0.8
2009.0,758.0,2800.0,2800.0,125.0,1.425,0.875
2009.0,758.0,3000.0,3000.0,125.0,1.425,0.875
2009.0,758.0,3200.0,3200.0,125.0,1.4,0.85
2009.0,,2130.0,2130.0,60.0,1.35,0.75
2009.0,774.0,3600.0,2930.0,95.0,1.4,0.65
2009.0,774.0,3460.0,2800.0,95.0,1.4,0.65
2009.0,774.0,3200.0,2667.0,95.0,1.4,0.7
2009.0,758.0,2800.0,2800.0,95.0,1.425,0.85
2009.0,731.0,2480.0,2260.0,60.0,1.35,0.75
2009.0,774.0,3200.0,1860.0,45.0,1.4,0.65
2009.0,731.0,2670.0,2670.0,95.0,1.35,0.75
2009.0,47.0,2000.0,2000.0,2.4,,
2009.0,731.0,2660.0,2400.0,60.0,1.35,0.75
2009.0,410.0,2200.0,2200.0,35.0,,
2009.0,228.0,2800.0,2800.0,65.0,1.3625,0.85
2009.0,47.0,1200.0,1200.0,1.4,,
2009.0,,1860.0,1860.0,80.0,1.35,0.75
2009.0,410.0,1300.0,1300.0,10.0,,
2009.0,410.0,2200.0,2200.0,35.0,,
2009.0,410.0,2100.0,2100.0,35.0,1.25,1.0
2009.0,410.0,2260.0,2260.0,25.0,,
2009.0,,2000.0,2000.0,80.0,1.35,0.75
2009.0,,2130.0,2130.0,80.0,1.35,0.75
2009.0,410.0,1300.0,1300.0,5.5,1.15,1.05
2009.0,456.0,2660.0,2660.0,65.0,1.3625,0.85
2009.0,904.0,2600.0,2600.0,115.0,1.3,
2009.0,410.0,2200.0,2200.0,35.0,,
2009.0,228.0,3060.0,3060.0,65.0,1.3625,0.85
2009.0,731.0,3333.0,2930.0,95.0,1.35,0.75
2009.0,820.0,2830.0,2830.0,65.0,1.3625,0.85
2009.0,,2200.0,2200.0,65.0,1.5,0.85
2009.0,410.0,3000.0,3000.0,45.0,1.3625,0.85
2009.0,228.0,2930.0,2930.0,65.0,1.3625,0.85
2009.0,410.0,2130.0,2130.0,25.0,1.15,1.05
2009.0,410.0,2260.0,2260.0,25.0,,
2009.0,410.0,2530.0,2530.0,25.0,1.15,1.05
2009.0,410.0,2000.0,2000.0,45.0,1.175,1.05
2009.0,,2530.0,2530.0,80.0,1.35,0.75
2009.0,410.0,1800.0,1800.0,35.0,1.25,1.0
2009.0,731.0,2660.0,2400.0,80.0,1.35,0.75
2009.0,731.0,2530.0,2260.0,80.0,1.35,0.75
2009.0,456.0,2330.0,2330.0,65.0,1.3625,0.85
2009.0,456.0,2660.0,2660.0,95.0,1.3625,0.85
2009.0,,2900.0,2900.0,115.0,1.325,
2010.0,731.0,3060.0,2800.0,130.0,1.375,0.8
2010.0,,1600.0,1460.0,155.0,,
2010.0,,1000.0,1000.0,7.0,,
2010.0,381.0,2400.0,2400.0,35.0,1.4,0.65
2010.0,382.0,3870.0,3600.0,73.0,1.4,0.65
2010.0,382.0,3730.0,3467.0,73.0,1.4,0.65
2010.0,382.0,3600.0,3333.0,87.0,1.4,0.65
2010.0,,1800.0,1800.0,13.0,1.175,0.8
2010.0,774.0,3460.0,2530.0,82.0,1.4,0.65
2010.0,774.0,3730.0,3060.0,95.0,1.4,0.65
2010.0,,3730.0,3460.0,130.0,1.35,0.75
2010.0,382.0,2800.0,2800.0,73.0,1.4,0.65
2010.0,410.0,2300.0,2300.0,35.0,,
2010.0,774.0,3200.0,2400.0,82.0,1.4,0.65
2010.0,228.0,3330.0,3330.0,65.0,1.3625,0.85
2010.0,228.0,3200.0,3200.0,65.0,1.3625,0.85
2010.0,228.0,3060.0,3060.0,65.0,,
2010.0,,2400.0,2400.0,80.0,1.3,0.8
2010.0,,2260.0,2260.0,80.0,1.35,0.75
2010.0,228.0,3200.0,3200.0,65.0,1.3625,0.85
2010.0,228.0,3000.0,3000.0,65.0,1.3625,0.85
2010.0,,2000.0,2000.0,80.0,1.35,0.75
2010.0,731.0,3060.0,2800.0,130.0,1.375,0.8
2010.0,410.0,2100.0,2100.0,35.0,,
2010.0,,2700.0,2700.0,65.0,1.3625,0.85
2010.0,,1000.0,1000.0,7.0,,
2010.0,,2800.0,2530.0,80.0,1.35,0.75
2010.0,,2670.0,2670.0,80.0,1.3,0.8
2010.0,,2933.0,2533.0,85.0,1.5,1.0
2010.0,,3330.0,2930.0,95.0,1.35,0.75
2010.0,,3460.0,3060.0,95.0,1.35,0.75
2010.0,,3200.0,2800.0,95.0,1.35,0.75
2010.0,,3060.0,2660.0,95.0,1.35,0.75
2010.0,228.0,2800.0,2800.0,65.0,1.3625,0.85
2010.0,382.0,3600.0,3333.0,73.0,1.4,0.65
2010.0,,3600.0,3330.0,130.0,1.375,0.8
2010.0,,3460.0,3200.0,130.0,1.375,0.8
2010.0,,2800.0,2260.0,60.0,1.35,0.75
2010.0,,2400.0,2130.0,40.0,1.35,0.75
2010.0,,1860.0,1860.0,40.0,1.35,0.75
2010.0,382.0,2533.0,2533.0,35.0,1.4,0.775
2010.0,382.0,2530.0,2260.0,30.0,1.4,0.65
2010.0,1170.0,3600.0,3333.0,130.0,1.375,0.8
2010.0,774.0,3200.0,1860.0,45.0,,
2010.0,,3600.0,3330.0,130.0,1.35,0.75
2010.0,382.0,3460.0,3200.0,73.0,1.4,0.65
2010.0,,1466.0,1330.0,155.0,,
2010.0,177.0,2800.0,2530.0,35.0,1.4,0.775
2010.0,382.0,2000.0,1200.0,18.0,,
2010.0,382.0,2400.0,1330.0,18.0,,
2010.0,382.0,1060.0,1060.0,18.0,,
2010.0,382.0,1200.0,1200.0,18.0,,
2010.0,382.0,1860.0,1860.0,35.0,,
2010.0,774.0,2930.0,1730.0,45.0,,
2010.0,382.0,1730.0,1200.0,18.0,,
2010.0,1200.0,3550.0,3550.0,200.0,,
2010.0,123.0,1830.0,1830.0,6.5,,
2010.0,1200.0,3700.0,3700.0,200.0,,
2010.0,382.0,1200.0,1200.0,18.0,,
2010.0,382.0,2400.0,2400.0,35.0,,
2010.0,382.0,3460.0,3200.0,73.0,1.4,0.65
2010.0,382.0,3200.0,3200.0,73.0,1.4,0.65
2010.0,382.0,3860.0,3600.0,73.0,1.4,0.65
2010.0,774.0,3730.0,3060.0,95.0,1.4,0.65
2010.0,774.0,3600.0,2930.0,95.0,1.4,0.65
2010.0,774.0,3600.0,2660.0,82.0,1.4,0.65
2010.0,382.0,2660.0,2400.0,35.0,,
2010.0,774.0,3330.0,2800.0,95.0,1.4,0.65
2010.0,382.0,3330.0,2660.0,35.0,,
2010.0,382.0,3060.0,2260.0,25.0,,
2010.0,177.0,3200.0,2667.0,35.0,1.4,0.775
2010.0,,1300.0,1300.0,7.0,,
2010.0,,1300.0,1300.0,7.0,,
2010.0,382.0,2000.0,2000.0,35.0,,
2010.0,382.0,2800.0,2530.0,35.0,,
2010.0,382.0,2530.0,2530.0,35.0,,
2010.0,382.0,3330.0,3330.0,73.0,1.4,0.65
2010.0,382.0,2130.0,2130.0,35.0,,
2010.0,382.0,3200.0,2660.0,35.0,,
2010.0,382.0,2000.0,2000.0,35.0,,
2010.0,382.0,1330.0,1330.0,18.0,,
2010.0,382.0,1860.0,1330.0,18.0,,
2010.0,382.0,3460.0,2800.0,35.0,,
2010.0,382.0,2130.0,1330.0,18.0,,
2010.0,382.0,2530.0,1460.0,18.0,,
2010.0,,1900.0,1900.0,2.2,,
2010.0,,1600.0,1600.0,2.2,,
2010.0,,1200.0,1200.0,1.3,,
2010.0,176.0,1500.0,1500.0,8.5,,
2010.0,,3460.0,3200.0,130.0,1.375,0.8
2010.0,47.0,2130.0,2130.0,2.5,1.1,0.75
2010.0,382.0,2266.0,1200.0,18.0,,
2010.0,382.0,3600.0,3330.0,87.0,1.4,0.65
2010.0,,3600.0,3330.0,130.0,1.375,0.8
2010.0,382.0,3066.0,2530.0,35.0,,
2010.0,382.0,2530.0,2260.0,35.0,,
2010.0,382.0,2260.0,2260.0,35.0,,
2010.0,,1866.0,1730.0,185.0,,
2010.0,382.0,2933.0,2933.0,73.0,1.4,0.65
2010.0,,1733.0,1600.0,185.0,,
2010.0,,1600.0,1600.0,130.0,,
2010.0,,1300.0,1300.0,3.6,0.9,0.75
2010.0,,1300.0,1300.0,7.0,1.175,0.8
2010.0,774.0,3330.0,2130.0,55.0,,
2010.0,382.0,2130.0,2130.0,35.0,1.4,0.775
2010.0,382.0,2530.0,2530.0,35.0,1.4,0.775
2010.0,382.0,3067.0,3067.0,73.0,1.4,0.65
2010.0,382.0,3200.0,3200.0,73.0,1.4,0.65
2010.0,382.0,3333.0,3333.0,73.0,1.4,0.65
2010.0,382.0,3730.0,3460.0,73.0,1.4,0.65
2010.0,382.0,2800.0,2000.0,25.0,,
2010.0,382.0,3460.0,3200.0,73.0,1.4,0.65
2010.0,382.0,2933.0,2130.0,25.0,,
2010.0,382.0,2130.0,2130.0,35.0,,
2010.0,382.0,1866.0,1066.0,18.0,,
2010.0,410.0,2000.0,2000.0,35.0,,
2010.0,,2666.0,2266.0,130.0,,
2010.0,,2400.0,2000.0,130.0,1.35,0.675
2010.0,,2800.0,2666.0,130.0,1.35,0.675
2010.0,,2400.0,2000.0,130.0,,
2010.0,,2533.0,1866.0,95.0,1.35,0.675
2010.0,382.0,2133.0,1060.0,18.0,,
2010.0,,2533.0,1866.0,95.0,1.35,0.675
2010.0,,2133.0,1866.0,105.0,1.35,0.675
2010.0,,1866.0,1866.0,95.0,1.35,0.675
2010.0,,2266.0,2000.0,105.0,,
2010.0,,1733.0,1730.0,105.0,,
2010.0,382.0,2930.0,2930.0,73.0,1.4,0.65
2010.0,,2266.0,2000.0,105.0,1.35,0.675
2010.0,123.0,1830.0,1830.0,6.5,,
2011.0,,2300.0,1600.0,17.0,,
2011.0,,1300.0,1300.0,17.0,,
2011.0,176.0,1660.0,1660.0,8.5,,
2011.0,,1500.0,1500.0,35.0,,
2011.0,,1600.0,1600.0,35.0,,
2011.0,,1600.0,1600.0,35.0,,
2011.0,,3300.0,3300.0,65.0,,
2011.0,,1200.0,1200.0,17.0,,
2011.0,,3600.0,3330.0,130.0,1.3,0.8
2011.0,,2900.0,2300.0,35.0,,
2011.0,,1100.0,1100.0,17.0,,
2011.0,,1200.0,1200.0,17.0,,
2011.0,,3900.0,3300.0,130.0,1.35,0.6
2011.0,,2130.0,2130.0,10.0,1.21,0.91
2011.0,,3000.0,3000.0,65.0,,
2011.0,,2700.0,2700.0,65.0,,
2011.0,,1200.0,1200.0,3.0,1.5,1.1125
2011.0,,1200.0,1200.0,15.0,,
2011.0,,2800.0,2800.0,65.0,,
2011.0,,3900.0,3500.0,95.0,,
2011.0,,1860.0,1860.0,10.0,1.21,0.91
2011.0,,2100.0,2100.0,35.0,,
2011.0,,3800.0,3200.0,130.0,1.35,0.6
2011.0,,3000.0,2400.0,35.0,,
2011.0,,2200.0,2200.0,35.0,,
2011.0,,1300.0,1300.0,17.0,,
2011.0,,1900.0,1900.0,35.0,,
2011.0,,1400.0,1400.0,17.0,,
2011.0,,1800.0,1800.0,35.0,,
2011.0,,2000.0,2000.0,35.0,,
2011.0,,2266.0,2000.0,105.0,,
2011.0,,3100.0,3100.0,65.0,,
2011.0,,2800.0,2400.0,130.0,,
2011.0,,2533.0,2130.0,105.0,,
2011.0,,2800.0,2660.0,130.0,,
2011.0,,2400.0,2000.0,130.0,,
2011.0,,2400.0,2000.0,130.0,,
2011.0,,2400.0,2000.0,130.0,,
2011.0,,2800.0,2400.0,130.0,,
2011.0,,2666.0,2260.0,130.0,,
2011.0,,2666.0,2260.0,130.0,,
2011.0,,3300.0,2600.0,35.0,,
2011.0,,2300.0,2300.0,35.0,,
2011.0,,3300.0,2200.0,45.0,,
2011.0,,1730.0,1730.0,105.0,,
2011.0,,1860.0,1860.0,95.0,,
2011.0,,2666.0,2260.0,130.0,,
2011.0,,4000.0,3600.0,95.0,,
2011.0,,2800.0,2400.0,130.0,,
2011.0,,2400.0,2130.0,105.0,,
2011.0,,3300.0,2500.0,65.0,,
2011.0,,1300.0,1300.0,17.0,,
2011.0,,2700.0,1700.0,17.0,,
2011.0,,2300.0,1400.0,17.0,,
2011.0,,2800.0,1700.0,17.0,,
2011.0,,2900.0,1800.0,17.0,,
2011.0,,2266.0,2000.0,105.0,,
2011.0,,2600.0,1500.0,17.0,,
2011.0,,3200.0,2300.0,25.0,,
2011.0,,3000.0,2100.0,25.0,,
2011.0,410.0,2300.0,2300.0,35.0,,
2011.0,410.0,1400.0,1400.0,10.0,,
2011.0,,2400.0,2130.0,105.0,,
2011.0,,2400.0,2130.0,105.0,,
2011.0,,2700.0,1600.0,17.0,,
2011.0,,2700.0,2700.0,65.0,,
2011.0,,2300.0,2300.0,35.0,,
2011.0,,2200.0,2200.0,35.0,,
2011.0,,3460.0,3060.0,95.0,1.35,0.75
2011.0,,3860.0,3600.0,130.0,1.35,0.75
2011.0,,3600.0,3200.0,95.0,1.35,0.75
2011.0,,3200.0,2930.0,130.0,1.35,0.75
2011.0,,2930.0,2530.0,80.0,1.35,0.75
2011.0,,2260.0,2260.0,80.0,1.35,0.75
2011.0,,2130.0,2130.0,80.0,1.35,0.75
2011.0,,1600.0,1600.0,80.0,1.35,0.75
2011.0,,3730.0,3460.0,130.0,1.375,0.8
2011.0,,3730.0,3460.0,130.0,1.375,0.8
2011.0,382.0,2933.0,2660.0,35.0,,
2011.0,382.0,2660.0,2660.0,35.0,,
2011.0,,3400.0,2200.0,20.0,,
2011.0,,2400.0,2400.0,65.0,,
2011.0,,2000.0,2000.0,35.0,,
2011.0,,3100.0,3100.0,65.0,,
2011.0,,2500.0,2500.0,35.0,,
2011.0,,3100.0,3100.0,65.0,,
2011.0,,2600.0,2600.0,35.0,,
2011.0,,3400.0,3400.0,65.0,,
2011.0,,2100.0,2100.0,35.0,,
2011.0,,2200.0,2200.0,35.0,,
2011.0,,3200.0,2900.0,95.0,,
2011.0,,3300.0,3000.0,95.0,,
2011.0,,3500.0,2700.0,35.0,,
2011.0,,3730.0,3460.0,130.0,1.35,0.75
2011.0,,3000.0,2400.0,35.0,,
2011.0,,3900.0,3500.0,95.0,,
2011.0,,3300.0,2400.0,45.0,,
2011.0,,3100.0,2800.0,95.0,,
2011.0,995.0,3800.0,3400.0,95.0,,
2011.0,382.0,2800.0,2800.0,73.0,1.4,0.65
2011.0,382.0,2933.0,2933.0,73.0,1.4,0.65
2011.0,382.0,1330.0,1330.0,18.0,,
2011.0,382.0,1200.0,1200.0,18.0,,
2011.0,382.0,2270.0,2270.0,35.0,,
2011.0,,3300.0,2500.0,65.0,,
2011.0,,3700.0,3300.0,95.0,,
2011.0,,3700.0,2700.0,65.0,,
2011.0,,3300.0,2300.0,45.0,,
2011.0,,3800.0,3400.0,95.0,,
2011.0,,3800.0,2800.0,65.0,,
2011.0,,2900.0,2000.0,45.0,,
2011.0,,2100.0,2100.0,35.0,,
2011.0,,2900.0,2300.0,35.0,,
2011.0,,3400.0,2300.0,45.0,,
2011.0,,3200.0,2500.0,35.0,,
2011.0,,3400.0,2700.0,35.0,,
2011.0,,3500.0,2500.0,55.0,,
2011.0,,3400.0,3100.0,80.0,,
2011.0,,3600.0,3200.0,80.0,,
2011.0,,3600.0,3200.0,95.0,,
2011.0,,3700.0,3300.0,80.0,,
2011.0,,3700.0,3300.0,95.0,,
2011.0,,3800.0,3400.0,80.0,,
2011.0,,2600.0,2600.0,65.0,,
2011.0,,1500.0,1500.0,3.0,1.5,1.1125
2011.0,,3700.0,3300.0,95.0,,
2011.0,,3100.0,2200.0,45.0,,
2011.0,,3100.0,2200.0,45.0,,
2011.0,,2900.0,2000.0,45.0,,
2011.0,,3500.0,2800.0,35.0,,
2011.0,,3600.0,2500.0,45.0,,
2011.0,,3700.0,2700.0,55.0,,
2011.0,,2600.0,2600.0,65.0,,
2011.0,,3500.0,2400.0,45.0,,
2012.0,,1500.0,1500.0,17.0,,
2012.0,,2700.0,2700.0,65.0,,
2012.0,,3300.0,3100.0,69.0,,
2012.0,,3600.0,3200.0,77.0,,
2012.0,,3600.0,2900.0,65.0,,
2012.0,,3200.0,2800.0,80.0,1.35,0.6
2012.0,,2800.0,2800.0,80.0,1.35,0.6
2012.0,,2600.0,2600.0,80.0,1.35,0.6
2012.0,,1700.0,1700.0,35.0,,
2012.0,,3300.0,3300.0,55.0,,
2012.0,,2900.0,2900.0,35.0,,
2012.0,,2600.0,2600.0,35.0,,
2012.0,,2800.0,2800.0,35.0,,
2012.0,,2900.0,2900.0,65.0,,
2012.0,,3400.0,3400.0,55.0,,
2012.0,,3200.0,2700.0,65.0,,
2012.0,,3200.0,3000.0,77.0,,
2012.0,,3000.0,3000.0,130.0,1.35,0.6
2012.0,,2800.0,2800.0,130.0,1.35,0.6
2012.0,,1400.0,1400.0,17.0,,
2012.0,,1600.0,1600.0,17.0,,
2012.0,,2000.0,2000.0,8.5,,
2012.0,,2000.0,2000.0,10.0,1.21,0.91
2012.0,,1600.0,1600.0,8.1,,
2012.0,,4000.0,3500.0,150.0,1.35,0.6
2012.0,,1600.0,1600.0,,1.2,0.3
2012.0,,2000.0,2000.0,,1.2,0.3
2012.0,,1500.0,1500.0,17.0,,
2012.0,,1053.0,1053.0,225.0,,
2012.0,,1730.0,1730.0,130.0,,
2012.0,,2130.0,2130.0,170.0,,
2012.0,,2400.0,2400.0,170.0,,
2012.0,,2530.0,2530.0,170.0,,
2012.0,,3200.0,2200.0,35.0,,
2012.0,,1800.0,1800.0,17.0,,
2012.0,,1600.0,1600.0,6.1,,
2012.0,,2500.0,2500.0,35.0,,
2012.0,,3400.0,2400.0,45.0,,
2012.0,,2400.0,2400.0,35.0,,
2012.0,,1800.0,1800.0,35.0,,
2012.0,,3900.0,3000.0,55.0,,
2012.0,,2200.0,2200.0,35.0,,
2012.0,,3700.0,2700.0,45.0,,
2012.0,,3800.0,2800.0,45.0,,
2012.0,,1400.0,1400.0,17.0,,
2012.0,,1800.0,1800.0,,,
2012.0,,2400.0,2400.0,35.0,,
2012.0,,2500.0,2500.0,35.0,,
2012.0,,1900.0,1900.0,35.0,,
2012.0,,3400.0,2400.0,45.0,,
2012.0,,1500.0,1500.0,17.0,,
2012.0,,3100.0,3100.0,65.0,,
2012.0,,2200.0,2200.0,95.0,,
2012.0,,3500.0,3300.0,130.0,1.35,0.6
2012.0,,2500.0,2000.0,60.0,1.35,0.6
2012.0,,2300.0,1800.0,70.0,1.35,0.6
2012.0,,3000.0,2200.0,95.0,1.35,0.6
2012.0,,3500.0,2700.0,130.0,1.35,0.6
2012.0,,3800.0,3100.0,150.0,1.35,0.6
2012.0,,1700.0,1700.0,35.0,,
2012.0,,1600.0,1600.0,35.0,,
2012.0,,1400.0,1400.0,17.0,,
2012.0,,1400.0,1400.0,17.0,,
2012.0,,2400.0,2400.0,80.0,1.35,0.6
2012.0,,2300.0,2300.0,35.0,,
2012.0,,3300.0,2700.0,130.0,1.35,0.6
2012.0,,3100.0,2300.0,95.0,1.35,0.6
2012.0,,3500.0,3200.0,95.0,,
2012.0,,3400.0,3100.0,95.0,,
2012.0,,3800.0,2900.0,55.0,,
2012.0,,3700.0,2700.0,45.0,,
2012.0,,3600.0,2600.0,45.0,,
2012.0,,3600.0,2900.0,35.0,,
2012.0,,3500.0,2800.0,35.0,,
2012.0,,3300.0,2600.0,35.0,,
2012.0,,3800.0,3600.0,130.0,,
2012.0,,3500.0,2900.0,130.0,1.35,0.6
2012.0,,2800.0,2000.0,95.0,1.35,0.6
2012.0,,3000.0,2500.0,95.0,1.35,0.6
2012.0,,3800.0,3600.0,130.0,1.35,0.6
2012.0,,3900.0,3300.0,130.0,1.35,0.6
2012.0,,2400.0,1900.0,95.0,1.35,0.6
2012.0,,1800.0,1800.0,80.0,1.35,0.6
2012.0,,2200.0,2200.0,80.0,1.35,0.6
2012.0,,2500.0,2000.0,60.0,1.35,0.6
2012.0,,2900.0,2400.0,95.0,1.35,0.6
2012.0,,2900.0,2100.0,95.0,1.35,0.6
2012.0,,2300.0,1800.0,70.0,1.35,0.6
2012.0,,2000.0,2000.0,95.0,1.35,0.6
2012.0,,3400.0,2900.0,130.0,1.35,0.6
2012.0,,2600.0,2200.0,95.0,1.35,0.6
2012.0,,3100.0,2600.0,115.0,1.35,0.6
2012.0,,2200.0,2200.0,35.0,,
2012.0,,2800.0,2400.0,95.0,1.35,0.6
2012.0,,2900.0,2400.0,95.0,1.35,0.6
2012.0,,3800.0,3200.0,130.0,1.35,0.6
2012.0,,3500.0,3000.0,80.0,1.35,0.6
2012.0,,3100.0,2400.0,115.0,1.35,0.6
2012.0,,3800.0,2900.0,135.0,1.35,0.6
2012.0,,3300.0,2600.0,115.0,1.35,0.6
2012.0,,2800.0,2300.0,95.0,1.35,0.6
2012.0,,1800.0,1800.0,80.0,1.35,0.6
2012.0,,3200.0,2000.0,17.0,,
2012.0,,3300.0,2300.0,45.0,,
2012.0,,1300.0,1300.0,17.0,,
2012.0,,3300.0,2300.0,45.0,,
2012.0,,3900.0,3500.0,77.0,,
2012.0,,3900.0,3100.0,65.0,,
2012.0,,3700.0,2500.0,45.0,,
2012.0,,3800.0,3400.0,95.0,,
2012.0,,1800.0,1800.0,17.0,,
2012.0,,2400.0,2400.0,35.0,,
2012.0,,3800.0,3100.0,65.0,,
2012.0,,3800.0,3400.0,77.0,,
2012.0,,3600.0,2900.0,35.0,,
2012.0,,2600.0,1700.0,17.0,,
2012.0,,3100.0,2500.0,35.0,,
2012.0,,3000.0,1900.0,17.0,,
2012.0,,4100.0,3700.0,87.0,,
2012.0,,4000.0,3600.0,69.0,,
2012.0,,3900.0,3500.0,69.0,,
2012.0,,3500.0,2500.0,45.0,,
2012.0,,3800.0,3400.0,77.0,,
2012.0,,3800.0,3400.0,69.0,,
2012.0,,3700.0,3300.0,69.0,,
2012.0,,3500.0,3100.0,69.0,,
2012.0,,3500.0,2300.0,17.0,,
2012.0,,1800.0,1800.0,60.0,1.35,0.6
2012.0,,1500.0,1500.0,17.0,,
2012.0,,2400.0,2400.0,35.0,,
2012.0,,2800.0,2800.0,65.0,,
2012.0,,3100.0,2500.0,35.0,,
2012.0,,2400.0,2400.0,35.0,,
2012.0,,2600.0,2600.0,65.0,,
2012.0,,2100.0,2100.0,35.0,,
2012.0,,3300.0,2300.0,45.0,,
2012.0,,3800.0,3400.0,77.0,,
2012.0,,2600.0,2600.0,35.0,,
2012.0,,3700.0,3300.0,77.0,,
2012.0,,3600.0,2900.0,65.0,,
2012.0,,3500.0,2800.0,65.0,,
2012.0,,3100.0,2100.0,35.0,,
2012.0,,2800.0,1800.0,17.0,,
2012.0,,3500.0,3100.0,77.0,,
2013.0,,2000.0,1600.0,11.5,,
2013.0,,2900.0,2900.0,35.0,,
2013.0,,3900.0,3500.0,84.0,,
2013.0,,3000.0,3000.0,35.0,,
2013.0,,3600.0,3600.0,54.0,,
2013.0,,3000.0,3000.0,53.0,,
2013.0,,2700.0,2700.0,35.0,,
2013.0,,3400.0,3400.0,54.0,,
2013.0,,3300.0,3300.0,53.0,,
2013.0,,2000.0,1700.0,6.0,,
2013.0,,2400.0,1700.0,9.0,,
2013.0,,2600.0,2400.0,14.0,,
2013.0,,2400.0,1700.0,12.0,,
2013.0,,2600.0,2400.0,20.0,,
2013.0,,1500.0,1500.0,,,
2013.0,,2600.0,2600.0,35.0,,
2013.0,,2300.0,2300.0,37.0,,
2013.0,,1330.0,1330.0,,,
2013.0,,1460.0,1460.0,,,
2013.0,,1900.0,1500.0,11.5,,
2013.0,,2300.0,1600.0,11.5,,
2013.0,,2300.0,1600.0,11.5,,
2013.0,,3300.0,2100.0,15.0,,
2013.0,,2900.0,1700.0,11.5,,
2013.0,,1700.0,1700.0,15.0,,
2013.0,,1200.0,1200.0,11.5,,
2013.0,,2000.0,2000.0,37.0,,
2013.0,,3200.0,2700.0,65.0,,
2013.0,,3900.0,3200.0,65.0,,
2013.0,,3500.0,2800.0,37.0,,
2013.0,,2000.0,2000.0,7.5,,
2013.0,,1600.0,1600.0,7.5,,
2013.0,,2000.0,2000.0,7.5,,
2013.0,,1460.0,1460.0,4.3,,
2013.0,,1330.0,1330.0,,,
2013.0,,3700.0,3000.0,65.0,,
2013.0,,2100.0,2100.0,35.0,,
2013.0,,1400.0,1400.0,15.0,,
2013.0,,2410.0,2410.0,10.0,,
2013.0,,3900.0,3400.0,130.0,,
2013.0,,3900.0,3700.0,130.0,,
2013.0,,3000.0,3000.0,130.0,,
2013.0,,3200.0,2400.0,115.0,,
2013.0,,3600.0,3000.0,130.0,,
2013.0,,3300.0,2500.0,115.0,,
2013.0,,4000.0,3300.0,130.0,,
2013.0,,3000.0,2200.0,95.0,,
2013.0,,2100.0,1700.0,70.0,,
2013.0,,3400.0,2600.0,95.0,,
2013.0,,3800.0,3500.0,130.0,,
2013.0,,1200.0,1200.0,,,
2013.0,,3900.0,3000.0,130.0,,
2013.0,,2130.0,2130.0,7.5,,
2013.0,,1200.0,1200.0,,1.2,0.3
2013.0,,4000.0,3600.0,130.0,,
2013.0,,2410.0,2410.0,10.0,,
2013.0,,4000.0,3400.0,150.0,,
2013.0,,1800.0,1800.0,80.0,,
2013.0,,1100.0,1100.0,11.5,,
2013.0,,1600.0,1600.0,15.0,,
2013.0,,1700.0,1700.0,15.0,,
2013.0,,1200.0,1200.0,11.5,,
2013.0,,2166.0,2166.0,7.5,,
2013.0,,1600.0,1600.0,4.5,,
2013.0,,1860.0,1860.0,7.5,,
2013.0,,4000.0,3300.0,110.0,1.3,0.65
2013.0,,1100.0,1100.0,300.0,,
2013.0,,2600.0,2100.0,80.0,,
2013.0,,4000.0,3700.0,130.0,,
2013.0,,3900.0,3500.0,130.0,,
2013.0,,3900.0,3700.0,130.0,,
2013.0,,3500.0,2700.0,130.0,,
2013.0,,3800.0,3500.0,130.0,,
2013.0,,2800.0,2400.0,60.0,,
2013.0,,1500.0,1500.0,11.5,,
2013.0,1400.0,2000.0,2000.0,95.0,1.3,0.65
2013.0,,2410.0,2410.0,10.0,,
2013.0,,1800.0,1800.0,35.0,,
2013.0,,1500.0,1500.0,17.0,,
2013.0,,1500.0,1500.0,17.0,,
2013.0,,2000.0,2000.0,35.0,,
2013.0,,2300.0,2300.0,35.0,,
2013.0,,3500.0,3500.0,55.0,,
2013.0,,3000.0,3000.0,35.0,,
2013.0,,3400.0,3400.0,55.0,,
2013.0,,3300.0,3300.0,55.0,,
2013.0,,3000.0,3000.0,55.0,,
2013.0,,3400.0,2800.0,47.0,,
2013.0,,2600.0,1300.0,15.0,,
2013.0,,2900.0,1400.0,15.0,,
2013.0,,3200.0,3000.0,84.0,,
2013.0,,3200.0,2700.0,65.0,,
2013.0,,3300.0,3100.0,84.0,,
2013.0,,3300.0,2800.0,65.0,,
2013.0,,3600.0,3200.0,84.0,,
2013.0,,3600.0,2900.0,35.0,,
2013.0,,3800.0,3400.0,84.0,,
2013.0,,3800.0,3400.0,84.0,,
2013.0,,3800.0,3100.0,65.0,,
2013.0,,3300.0,2300.0,45.0,,
2013.0,,1500.0,1100.0,13.0,,
2013.0,,3500.0,3100.0,80.0,,
2013.0,,2500.0,2500.0,35.0,,
2013.0,,2600.0,2600.0,35.0,,
2013.0,,1900.0,1900.0,17.0,,
2013.0,,3200.0,2600.0,35.0,,
2013.0,,2800.0,2800.0,55.0,,
2013.0,,2600.0,2600.0,55.0,,
2013.0,,1500.0,1500.0,11.5,,
2013.0,,2900.0,2900.0,55.0,,
2013.0,,2500.0,2500.0,35.0,,
2013.0,,3200.0,3200.0,55.0,,
2013.0,,2300.0,2300.0,35.0,,
2013.0,,2700.0,2700.0,35.0,,
2013.0,,3700.0,3000.0,35.0,,
2013.0,,3200.0,3200.0,55.0,,
2013.0,,,,,,
2013.0,,3600.0,2900.0,35.0,,
2013.0,,2800.0,1800.0,25.0,,
2013.0,,3400.0,2700.0,35.0,,
2013.0,,2900.0,1900.0,17.0,,
2013.0,,2100.0,2100.0,35.0,,
2013.0,,1800.0,1800.0,17.0,,
2013.0,,1400.0,1400.0,13.0,,
2013.0,,2000.0,1500.0,13.0,,
2013.0,,2300.0,1500.0,13.0,,
2013.0,,2600.0,1500.0,13.0,,
2013.0,,1100.0,1100.0,10.0,,
2013.0,,3100.0,2000.0,17.0,,
2013.0,,,,,,
2013.0,1400.0,3900.0,3500.0,80.0,,
2013.0,,2700.0,1800.0,17.0,,
2013.0,,3300.0,2100.0,17.0,,
2013.0,,3700.0,3300.0,80.0,,
2013.0,,2600.0,2600.0,35.0,,
2013.0,,4000.0,3600.0,82.0,,
2013.0,,1400.0,1400.0,15.0,,
2013.0,,1100.0,1100.0,300.0,,
2013.0,,3500.0,2300.0,47.0,,
2013.0,,3600.0,2900.0,37.0,,
2013.0,,3100.0,2500.0,37.0,,
2013.0,,1333.0,1238.0,300.0,,
2013.0,,3300.0,2600.0,37.0,,
2013.0,,2500.0,2500.0,37.0,,
2013.0,,2400.0,2400.0,35.0,,
2013.0,,2800.0,2800.0,55.0,,
2013.0,,3300.0,2800.0,65.0,,
2013.0,,3300.0,3100.0,77.0,,
2013.0,,3900.0,3100.0,65.0,,
2013.0,,3200.0,1600.0,47.0,,
2013.0,,3400.0,2400.0,47.0,,
2013.0,,3800.0,3400.0,80.0,,
2013.0,,3800.0,2600.0,47.0,,
2013.0,,1333.0,1238.0,300.0,,
2013.0,,1053.0,1053.0,245.0,,
2013.0,,1900.0,1400.0,11.5,,
2013.0,,1300.0,1300.0,11.5,,
2013.0,,2000.0,2000.0,28.0,,
2013.0,,2900.0,2400.0,28.0,,
2013.0,,3100.0,2600.0,28.0,,
2013.0,,3300.0,2800.0,28.0,,
2013.0,,3600.0,2400.0,47.0,,
2013.0,,3200.0,1800.0,47.0,,
2013.0,,4000.0,3600.0,84.0,,
2013.0,,1100.0,1100.0,300.0,,
2013.0,,2410.0,2410.0,10.0,,
2013.0,,1000.0,1000.0,10.0,,
2013.0,,2400.0,2400.0,37.0,,
2013.0,,1700.0,1700.0,15.0,,
2013.0,,1800.0,1800.0,15.0,,
2013.0,,3000.0,1500.0,15.0,,
2013.0,,3400.0,2400.0,47.0,,
2013.0,,3400.0,2400.0,47.0,,
2013.0,,3200.0,2200.0,37.0,,
2013.0,,3200.0,2200.0,37.0,,
2013.0,,3900.0,3400.0,84.0,,
2013.0,,3900.0,3500.0,84.0,,
2013.0,,3000.0,2000.0,35.0,,
2013.0,,3700.0,2700.0,47.0,,
2013.0,,3700.0,2500.0,45.0,,
2013.0,,3800.0,3400.0,84.0,,
2013.0,,3000.0,1800.0,15.0,,
2013.0,,2600.0,1600.0,15.0,,
2013.0,,1900.0,1900.0,35.0,,
2013.0,,1600.0,1600.0,17.0,,
2013.0,,1900.0,1900.0,17.0,,
2013.0,,3900.0,3000.0,57.0,,
2013.0,,3700.0,2500.0,45.0,,
2013.0,,3200.0,2000.0,47.0,,
2013.0,,3800.0,2800.0,47.0,,
2013.0,,2000.0,2000.0,10.0,,
2014.0,,1600.0,1600.0,11.5,,
2014.0,,3000.0,2000.0,120.0,,
2014.0,,1900.0,1900.0,15.0,,
2014.0,,3300.0,2300.0,120.0,,
2014.0,,1900.0,1900.0,15.0,,
2014.0,,3600.0,2600.0,145.0,,
2014.0,,3600.0,2300.0,135.0,,
2014.0,,2160.0,2160.0,7.5,,
2014.0,,,,,0.0,
2014.0,,2160.0,2160.0,7.5,,
2014.0,,3600.0,2300.0,145.0,,
2014.0,,2000.0,1600.0,11.5,,
2014.0,,4000.0,3200.0,65.0,,
2014.0,,2700.0,1700.0,15.0,,
2014.0,,3900.0,3500.0,84.0,,
2014.0,,3900.0,2700.0,45.0,,
2014.0,,,,,0.0,
2014.0,,3900.0,3500.0,88.0,,
2014.0,,3900.0,3200.0,65.0,,
2014.0,,3500.0,2500.0,45.0,,
2014.0,,3200.0,2200.0,35.0,,
2014.0,,3700.0,3300.0,84.0,,
2014.0,,3400.0,3200.0,84.0,,
2014.0,,3400.0,2900.0,65.0,,
2014.0,,1490.0,1490.0,,,
2014.0,,2000.0,2000.0,15.0,,
2014.0,,4100.0,3700.0,82.0,,
2014.0,,3900.0,3500.0,80.0,,
2014.0,,3800.0,3400.0,80.0,,
2014.0,,3000.0,2000.0,25.0,,
2014.0,,4100.0,3700.0,84.0,,
2014.0,,4000.0,3600.0,84.0,,
2014.0,,3900.0,3500.0,84.0,,
2014.0,,3700.0,3300.0,84.0,,
2014.0,,3200.0,2600.0,37.0,,
2014.0,,2400.0,2400.0,37.0,,
2014.0,,2200.0,2200.0,37.0,,
2014.0,,3100.0,2000.0,15.0,,
2014.0,,4000.0,3600.0,80.0,,
2014.0,,3000.0,2300.0,105.0,,
2014.0,,3300.0,2800.0,28.0,,
2014.0,,3100.0,2300.0,120.0,,
2014.0,,2900.0,1800.0,55.0,,
2014.0,,3700.0,3500.0,135.0,,
2014.0,,3600.0,3200.0,135.0,,
2014.0,,3500.0,3500.0,53.0,,
2014.0,,4000.0,2800.0,47.0,,
2014.0,,3700.0,2500.0,47.0,,
2014.0,,3400.0,2200.0,47.0,,
2014.0,,3500.0,3000.0,28.0,,
2014.0,,4400.0,4000.0,88.0,,
2014.0,,3200.0,2400.0,85.0,,
2014.0,,3100.0,2600.0,28.0,,
2014.0,,2800.0,2800.0,35.0,,
2014.0,,2000.0,800.0,4.5,,
2014.0,,2000.0,800.0,4.5,,
2014.0,,2600.0,1100.0,4.5,,
2014.0,,750.0,750.0,,,
2014.0,,,,,0.0,
2014.0,,,,,0.0,
2014.0,,2400.0,900.0,4.5,,
2014.0,,2600.0,1100.0,4.5,,
2014.0,,3200.0,3200.0,53.0,,
2014.0,,3500.0,3000.0,105.0,,
2014.0,,1600.0,1600.0,85.0,,
2014.0,,3600.0,3300.0,140.0,,
2014.0,,3300.0,2600.0,120.0,,
2014.0,,3500.0,2600.0,135.0,,
2014.0,,3700.0,3400.0,135.0,,
2014.0,,2500.0,1800.0,65.0,,
2014.0,,3500.0,3100.0,160.0,,
2014.0,,1580.0,1580.0,4.5,,
2014.0,,2160.0,2160.0,7.5,,
2014.0,,1830.0,1830.0,7.5,,
2014.0,,2160.0,2160.0,7.5,,
2014.0,,1330.0,1330.0,,,
2014.0,,1330.0,1330.0,,,
2014.0,,3200.0,3200.0,53.0,,
2014.0,,2800.0,2800.0,140.0,,
2014.0,,3100.0,3100.0,140.0,,
2014.0,,3600.0,3500.0,140.0,,
2014.0,,3800.0,3700.0,140.0,,
2014.0,,3800.0,3500.0,140.0,,
2014.0,,3500.0,3000.0,140.0,,
2014.0,,3800.0,3200.0,140.0,,
2014.0,,3500.0,3000.0,140.0,,
2014.0,,3700.0,3500.0,140.0,,
2014.0,,3300.0,2600.0,105.0,,
2014.0,,4000.0,3600.0,84.0,,
2014.0,,3600.0,2400.0,47.0,,
2014.0,,2800.0,2800.0,53.0,,
2014.0,,3700.0,3200.0,155.0,,
2014.0,,3700.0,3400.0,155.0,,
2014.0,,2400.0,1900.0,95.0,1.3,0.65
2014.0,,2100.0,1700.0,60.0,1.3,0.65
2014.0,,3200.0,2400.0,95.0,1.3,0.65
2014.0,,2700.0,2300.0,95.0,1.3,0.65
2014.0,,3000.0,2600.0,95.0,1.3,0.65
2014.0,,3600.0,3300.0,130.0,1.3,0.65
2014.0,,3400.0,2800.0,155.0,,
2014.0,,2700.0,2200.0,95.0,1.3,0.65
2014.0,,2900.0,2400.0,115.0,1.3,0.65
2014.0,,3100.0,2500.0,130.0,,
2014.0,,3200.0,2800.0,80.0,1.3,0.65
2014.0,,2400.0,2400.0,80.0,1.3,0.65
2014.0,,2700.0,2200.0,80.0,1.3,0.65
2014.0,,2800.0,2400.0,60.0,1.3,0.65
2014.0,,2200.0,2200.0,95.0,1.3,0.65
2014.0,,2600.0,2600.0,95.0,1.3,0.65
2014.0,,2900.0,2400.0,95.0,1.3,0.65
2014.0,,3100.0,2500.0,130.0,,
2014.0,,2800.0,2200.0,105.0,,
2014.0,,2900.0,2300.0,130.0,,
2014.0,,2800.0,2800.0,53.0,,
2014.0,,2400.0,2400.0,35.0,,
2014.0,,2700.0,1400.0,15.0,,
2014.0,,3000.0,1500.0,15.0,,
2014.0,,2800.0,2300.0,105.0,,
2014.0,,2900.0,2300.0,130.0,,
2014.0,,3100.0,2500.0,130.0,,
2014.0,,3400.0,2800.0,155.0,,
2014.0,,1900.0,1900.0,105.0,,
2014.0,,2500.0,2000.0,105.0,,
2014.0,,2700.0,2200.0,105.0,,
2014.0,,2800.0,2300.0,105.0,,
2014.0,,3200.0,2600.0,130.0,,
2014.0,,2900.0,2300.0,130.0,,
2014.0,,3400.0,2800.0,155.0,,
2014.0,,2800.0,2300.0,105.0,,
2014.0,,3600.0,3000.0,130.0,,
2014.0,,1800.0,1800.0,80.0,1.3,0.65
2014.0,,3300.0,2100.0,47.0,,
2014.0,,3900.0,2700.0,45.0,,
2014.0,,2600.0,2600.0,37.0,,
2014.0,,1330.0,1330.0,,,
2014.0,,1330.0,1330.0,,,
2014.0,,1330.0,1330.0,,,
2014.0,,1330.0,1330.0,,,
2014.0,,1330.0,1330.0,,,
2014.0,,1330.0,1330.0,,,
2014.0,,1333.0,1238.0,270.0,,
2014.0,,3000.0,2000.0,15.0,,
2014.0,,3600.0,2900.0,37.0,,
2014.0,,3700.0,3000.0,37.0,,
2014.0,,3400.0,2700.0,37.0,,
2014.0,,1333.0,1238.0,300.0,,
2014.0,,3400.0,3400.0,53.0,,
2014.0,,2900.0,2900.0,35.0,,
2014.0,,3300.0,3300.0,53.0,,
2014.0,,2800.0,2800.0,35.0,,
2014.0,,3100.0,3100.0,53.0,,
2014.0,,2700.0,2700.0,35.0,,
2014.0,,2900.0,2900.0,53.0,,
2014.0,,1490.0,1490.0,,,
2014.0,,2500.0,2500.0,35.0,,
2014.0,,1460.0,1460.0,,,
2014.0,,2900.0,1200.0,4.5,,
2014.0,,3500.0,3500.0,54.0,,
2014.0,,3000.0,3000.0,35.0,,
2014.0,,3600.0,3600.0,54.0,,
2014.0,,3100.0,3100.0,35.0,,
2014.0,,3600.0,3600.0,54.0,,
2014.0,,3200.0,3200.0,35.0,,
2014.0,,3800.0,3800.0,54.0,,
2014.0,,2600.0,2600.0,80.0,1.3,0.65
2014.0,,2700.0,1900.0,35.0,,
2014.0,,3500.0,2900.0,47.0,,
2014.0,,3500.0,2500.0,47.0,,
2014.0,,3500.0,2500.0,47.0,,
2014.0,,3300.0,2300.0,37.0,,
2014.0,,3300.0,2300.0,37.0,,
2014.0,,3800.0,2800.0,47.0,,
2014.0,,3900.0,2900.0,47.0,,
2014.0,,4000.0,3100.0,57.0,,
2014.0,,3600.0,2800.0,155.0,,
2014.0,,3200.0,1800.0,47.0,,
2014.0,,1590.0,1590.0,,,
2014.0,,2000.0,800.0,4.5,,
